{
	"User not found, Please register": {
		"de": "Benutzer nicht gefunden, bitte registrieren"
	},
	"Wrong password entered": {
		"de": "Falsches Passwort eingegeben"
	},
	"Please login": {
		"de": "Bitte loggen Sie sich ein"
	},
	"The email address you have entered is already registered": {
		"de": "Die von Ihnen eingegebene E-Mail-Adresse ist bereits registriert"
	},
	"The phone number you have entered is already being used": {
		"de": "Die eingegebene Rufnummer wird bereits verwendet"
	},
	"The Username you have entered is already being used": {
		"de": "Der von Ihnen eingegebene Benutzername wird bereits verwendet"
	},
	"User registered successfully": {
		"de": "Benutzer erfolgreich registriert"
	},
	"Logged in successfully": {
		"de": "Erfolgreich eingeloggt"
	},
	"Logged out successfully": {
		"de": "Erfolgreich abgemeldet"
	},
	"User not found": {
		"de": "Benutzer wurde nicht gefunden"
	},
	"There is already a User with the same device": {
		"de": "Dieses Gerät ist bereits einem Benutzer zugeordnet"
	},
	"Trip not found": {
		"de": "Der Trip wurde nicht gefunden"
	},
	"Error updating the user": {
		"de": "Fehler beim Aktualisieren des Benutzers"
	},
	"Could not send verification email": {
		"de": "Es konnte keine Bestätigungs-E-Mail gesendet werden"
	},
	"Reset password OTP is sent succesfully for registered email": {
		"de": "Passwort zurücksetzen OTP wird erfolgreich für registrierte E-Mail gesendet"
	},
	"Wrong OTP": {
		"de": "Falsches OTP"
	},
	"OTP Verified": {
		"de": "OTP verifiziert"
	},
	"Password changed successfully": {
		"de": "Passwort erfolgreich geändert"
	},
	"Two home zones can not remain the same": {
		"de": "Zwei Heimzonen können nicht gleich bleiben"
	},
	"Added successfully": {
		"de": "Erfolgreich hinzugefügt"
	},
	"Updated successfully": {
		"de": "Erfolgreiche Aktualisierung"
	},
	"Deleted successfully": {
		"de": "Erfolgreich gelöscht"
	},
	"Not Found": {
		"de": "Nicht gefunden"
	},
	"Update failed": {
		"de": "Update fehlgeschlagen"
	},
	"Level already exists with the coins": {
		"de": "Ebene existiert bereits bei den Münzen"
	},
	"Level is active": {
		"de": "Level ist aktiv"
	},
	"Please upload file": {
		"de": "Bitte Datei hochladen"
	},
	"Your Guest User expires soon. Please register or your account will be deleted soon.": {
		"de": "Dein Gastzugang läuft bald aus. Bitte registriere dich, sonst wird dein Account bald gelöscht."
	},
	"Your Guest User expires tomorrow. Please register or your account will be deleted tomorrow.": {
		"de": "Dein Gastzugang läuft morgen aus. Bitte registriere dich, sonst wird dein Account morgen gelöscht."
	},
	"Successfully uploaded image": {
		"de": "Bild wurde erfolgreich hochgeladen"
	},
	"Could not upload the image": {
		"de": "Das Bild konnte nicht hochgeladen werden"
	},
	"Error updating the trip": {
		"de": "Fehler beim Aktualisieren des Trips"
	},
	"Max participants reached for the trip": {
		"de": "Die maximale Teilnehmeranzahl ist bereits erreicht für diesen Trip"
	},
	"Already in other trip": {
		"de": "Bereits in anderer Reise"
	},
	"Please participate in trip before starting the trip": {
		"de": "Bitte nehmen Sie vor Fahrtantritt an der Fahrt teil"
	},
	"Cannot self match": {
		"de": "Cannot self match"
	},
	"Cannot follow yourself": {
		"de": "Man kann sich nicht selbst folgen"
	},
	"Sent an Image": {
		"de": "hat ein Bild gesendet"
	},
	"Sent a Video" : {
		"de": "hat ein Video gesendet"
	},
	"This File has been deleted": {
		"de": "Diese Datei wurde gelöscht"
	},
	"Not enough coins to redeem": {
		"de": "Nicht genug Münzen zum Einlösen"
	},
	"Reward already redeemed": {
		"de": "Prämien bereits eingelöst"
	},
	"Cannot Self Report": {
		"de": "Man kann sich nicht selbst melden"
	},
	"Already Reported": {
		"de": "Bereits gemeldet"
	},
	"The User has already been reported": {
		"de": "Der Nutzer wurde bereits gemeldet"
	},
	"Cannot Self Block": {
		"de": "Man kann sich nicht selbst blockieren"
	},
	"Action not allowed as a unregistered User": {
		"de": "Diese Aktion darf nicht als unregistrierter Nutzer ausgeführt werden"
	},
	"Reported": {
		"de": "Gemeldet"
	},
	"Today": {
		"de": "Heute"
	},
	"Yesterday": {
		"de": "Gestern"
	},
	"older": {
		"de": "ältere"
	},
	"Number Already in use": {
		"de": "Nummer bereits in Verwendung"
	},
	"Valid": {
		"de": "Gültig"
	},
	"Follow you now": {
		"de": "folgt dir jetzt"
	},
	"Follows you now": {
		"de": "folgt dir jetzt"
	},
	"Commented your Post": {
		"de": "hat deinen Beitrag kommentiert"
	},
	"Trip added near to you": {
		"de": "Neuer Trip in deiner Nähe"
	},
	"The Trip has already been added": {
		"de": "Der Trip wurde bereits angelegt"
	},
	"sec": {
		"de": "sec"
	},
	"min": {
		"de": "min"
	},
	"hour": {
		"de": "Stunde"
	},
	"week": {
		"de": "Woche"
	},
	"day": {
		"de": "Tag"
	},
	"month": {
		"de": "Monat"
	},
	"year": {
		"de": "Jahr"
	},
	"secs": {
		"de": "secs"
	},
	"mins": {
		"de": "mins"
	},
	"hours": {
		"de": "Std"
	},
	"weeks": {
		"de": "Wochen"
	},
	"days": {
		"de": "Tage"
	},
	"months": {
		"de": "Monaten"
	},
	"years": {
		"de": "Jahre"
	}
}